external_key,name,phone,address,tally_name
f3b46c28-1ad6-4f4f-aba2-8ad27ae15236-00000109,Rajan Yadav,9795858550,Haven Garden School,"RAJAN YADAV 9795858550,9795505551"
f3b46c28-1ad6-4f4f-aba2-8ad27ae15236-000004c6,Manish Singh,7458840909,Sutrahi,"MANISH SINGH SUTRAHI (7458840909)"
f3b46c28-1ad6-4f4f-aba2-8ad27ae15236-00000139,Jhavhari,7752917330,Mdaiya,"JHAVHARI 77529 17330"
f3b46c28-1ad6-4f4f-aba2-8ad27ae15236-000001b9,Gama Yadav,8081197102,Kanjara,"GAMA YADAV 8081197102"
f3b46c28-1ad6-4f4f-aba2-8ad27ae15236-0000010a,Harendra Chaurasiya,8090611832,Validpur,"HARENDRA CHAURASIYA 8090611832"
f3b46c28-1ad6-4f4f-aba2-8ad27ae15236-0000010d,Brijesh Chauhan,8604343689,Rauja Kalendor,"BRIJESH CHAUHAN 8604343689"
f3b46c28-1ad6-4f4f-aba2-8ad27ae15236-0000015a,Jagmohan Yadav,7068429124,Haraiyan,"JAGMOHAN YADAV 70684 29124"
f3b46c28-1ad6-4f4f-aba2-8ad27ae15236-000000f9,Shah Alam,9838641054,Mohammadabad,"SHAH ALAM"
f3b46c28-1ad6-4f4f-aba2-8ad27ae15236-000001b4,Dr. Anil Gulligarh,,Gulligarh,"DR. ANIL GULLIGARH"
f3b46c28-1ad6-4f4f-aba2-8ad27ae15236-00000204,Manoj Chauhan Pradhan,,Ummalpur,"MANOJ CHAUHAN (Pradhan)"
f3b46c28-1ad6-4f4f-aba2-8ad27ae15236-00000146,S.P. Dinesh,,Khairabad,"S.P.DINESH"
f3b46c28-1ad6-4f4f-aba2-8ad27ae15236-0000010b,Vakil Bhai,,Atrari,"VAKIL BHAI ATRARI"
f3b46c28-1ad6-4f4f-aba2-8ad27ae15236-000000ab,Amarjit Sharma,7905386766,Bhatkol,"AMARJIT SHARMA 7905386766"
f3b46c28-1ad6-4f4f-aba2-8ad27ae15236-00000122,Nasir,8604400551,Ansarnagar,"NASIR 8604400551"
f3b46c28-1ad6-4f4f-aba2-8ad27ae15236-00000158,Avadhesh Madaiya,9451462275,,"AVADHESH MADAIYA 9451462275"
f3b46c28-1ad6-4f4f-aba2-8ad27ae15236-000001a4,Anil Khawpur Bhatta,09198923140,,"ANIL KHAWPUR BHATTA 09198923140"
