product_key,godown_key,quantity,unit
f3b46c28-1ad6-4f4f-aba2-8ad27ae15236-000001cb,7739,256,BAG
f3b46c28-1ad6-4f4f-aba2-8ad27ae15236-000005bc,7739,77,BAG
f3b46c28-1ad6-4f4f-aba2-8ad27ae15236-000000e2,7738,6164.2,KGS
f3b46c28-1ad6-4f4f-aba2-8ad27ae15236-000000e2,7739,1711.2,KGS
f3b46c28-1ad6-4f4f-aba2-8ad27ae15236-000002b1,7739,6680.4,KGS
f3b46c28-1ad6-4f4f-aba2-8ad27ae15236-000005a9,7738,-70.36,KGS
f3b46c28-1ad6-4f4f-aba2-8ad27ae15236-000005a9,7739,7358.2,KGS
f3b46c28-1ad6-4f4f-aba2-8ad27ae15236-0000031c,7738,9908.99,KGS
f3b46c28-1ad6-4f4f-aba2-8ad27ae15236-0000031c,7739,9436,KGS
f3b46c28-1ad6-4f4f-aba2-8ad27ae15236-00000330,7738,7691.05,KGS
f3b46c28-1ad6-4f4f-aba2-8ad27ae15236-00000330,7739,18524.74,KGS
f3b46c28-1ad6-4f4f-aba2-8ad27ae15236-0000031f,7738,3883.1,KGS
f3b46c28-1ad6-4f4f-aba2-8ad27ae15236-0000031f,7739,22.3,KGS
f3b46c28-1ad6-4f4f-aba2-8ad27ae15236-00000210,7739,28685.5,KGS
f3b46c28-1ad6-4f4f-aba2-8ad27ae15236-000005a4,7739,24997.2,KGS
