external_key,name,category,base_unit,hsn_code,tax_rate
f3b46c28-1ad6-4f4f-aba2-8ad27ae15236-000000e2,Kamdhenu TMT,TMT,KGS,7214,18%
f3b46c28-1ad6-4f4f-aba2-8ad27ae15236-000002b1,Ankur TMT,TMT,KGS,7214,18%
f3b46c28-1ad6-4f4f-aba2-8ad27ae15236-000005a4,Jindal TMT,TMT,KGS,7214,18%
f3b46c28-1ad6-4f4f-aba2-8ad27ae15236-00000210,Kay2 TMT,TMT,KGS,7214,18%
f3b46c28-1ad6-4f4f-aba2-8ad27ae15236-000005b7,Singhal TMT,TMT,KGS,7214,18%
f3b46c28-1ad6-4f4f-aba2-8ad27ae15236-000001cb,Bangur Power Cement,CEMENT,BAG,2523,28%
f3b46c28-1ad6-4f4f-aba2-8ad27ae15236-000005bc,Mycem Cement,CEMENT,BAG,2523,28%
f3b46c28-1ad6-4f4f-aba2-8ad27ae15236-0000059a,Dalmia Cement,CEMENT,BAG,2523,28%
f3b46c28-1ad6-4f4f-aba2-8ad27ae15236-00000330,MS Pipe (General),PIPE,KGS,7306,18%
f3b46c28-1ad6-4f4f-aba2-8ad27ae15236-00000331,MS Tube,PIPE,KGS,7306,18%
f3b46c28-1ad6-4f4f-aba2-8ad27ae15236-0000031c,MS Angle,STRUCTURAL,KGS,7216,18%
f3b46c28-1ad6-4f4f-aba2-8ad27ae15236-0000031d,MS Flat,STRUCTURAL,KGS,7211,18%
f3b46c28-1ad6-4f4f-aba2-8ad27ae15236-0000031e,MS Square Bar,STRUCTURAL,KGS,7214,18%
f3b46c28-1ad6-4f4f-aba2-8ad27ae15236-00000321,MS Channel,STRUCTURAL,KGS,7216,18%
f3b46c28-1ad6-4f4f-aba2-8ad27ae15236-0000031f,HR Sheet,SHEET,KGS,7208,18%
f3b46c28-1ad6-4f4f-aba2-8ad27ae15236-00000320,CR Sheet,SHEET,KGS,7209,18%
f3b46c28-1ad6-4f4f-aba2-8ad27ae15236-0000018a,Profile Sheet Colour,SHEET,KGS,7210,18%
f3b46c28-1ad6-4f4f-aba2-8ad27ae15236-00000585,GI Sida (Solar),SOLAR_GI,KGS,7308,18%
f3b46c28-1ad6-4f4f-aba2-8ad27ae15236-00000586,GI Faty (Solar),SOLAR_GI,KGS,7308,18%
f3b46c28-1ad6-4f4f-aba2-8ad27ae15236-000000fb,Binding Wire,WIRE,KGS,7217,18%
f3b46c28-1ad6-4f4f-aba2-8ad27ae15236-00000100,Ring Making Charge,SERVICE,PCS,9954,18%
