product_key,alias,priority
f3b46c28-1ad6-4f4f-aba2-8ad27ae15236-000000e2,kamdhenu,10
f3b46c28-1ad6-4f4f-aba2-8ad27ae15236-000000e2,sariya,5
f3b46c28-1ad6-4f4f-aba2-8ad27ae15236-000005a9,6mm,10
f3b46c28-1ad6-4f4f-aba2-8ad27ae15236-000005a9,six mm,8
f3b46c28-1ad6-4f4f-aba2-8ad27ae15236-000005a9,ring rod,5
f3b46c28-1ad6-4f4f-aba2-8ad27ae15236-000001cb,bangur,10
f3b46c28-1ad6-4f4f-aba2-8ad27ae15236-000001cb,cement,5
f3b46c28-1ad6-4f4f-aba2-8ad27ae15236-0000031c,angle,10
f3b46c28-1ad6-4f4f-aba2-8ad27ae15236-0000031c,engle,9
f3b46c28-1ad6-4f4f-aba2-8ad27ae15236-0000031d,patti,8
f3b46c28-1ad6-4f4f-aba2-8ad27ae15236-0000031d,flat,10
f3b46c28-1ad6-4f4f-aba2-8ad27ae15236-00000330,pipe,10
f3b46c28-1ad6-4f4f-aba2-8ad27ae15236-00000330,square pipe,5
f3b46c28-1ad6-4f4f-aba2-8ad27ae15236-0000018a,chadar,5
f3b46c28-1ad6-4f4f-aba2-8ad27ae15236-0000018a,tin,5
f3b46c28-1ad6-4f4f-aba2-8ad27ae15236-0000018a,profile,10
f3b46c28-1ad6-4f4f-aba2-8ad27ae15236-000000fb,taar,8
f3b46c28-1ad6-4f4f-aba2-8ad27ae15236-000000fb,binding wire,10
f3b46c28-1ad6-4f4f-aba2-8ad27ae15236-000005bc,mycem,10
f3b46c28-1ad6-4f4f-aba2-8ad27ae15236-00000210,kay2,10
